Time_s,Acceleration_x_ms2,Velocity_x_ms
0.019454333349131048,-0.03583104316145182,0.0
0.029411333380267024,-0.05530925139784813,-0.00035676969787421024
0.039367333345580846,-0.018675714433193207,-0.0009074286028727197
0.04932333336910233,-0.04208434794098139,-0.0010933640162088718
0.05927933333441615,-0.017306296527385714,-0.0015123557828495373
0.06923533335793763,0.017445423714816572,-0.0016846572714832593
0.07919133338145912,0.00046872742474079137,-0.0015109706325682033
0.08914733334677294,0.012361415885388851,-0.0015063039823437422
0.09910433337790892,0.02513809371739626,-0.0013832213639880407
0.10906033334322274,0.0009809069707989693,-0.001132946503809588
0.11901633336674422,-0.009239514358341694,-0.001123180593985241
0.12897233333205804,-0.015531995482742787,-0.0012151691986164075
0.13892833335557953,-0.023756542839109898,-0.0013698057460079303
0.148884333379101,-0.04485837668180466,-0.0016063258870728976
0.15884133335202932,-0.060541084147989754,-0.0020529807424792346
0.1687973333755508,-0.06609926462173463,-0.0026557277776806366
0.17875333334086463,-0.029246749430894853,-0.003313812053961896
0.1887093333643861,0.008240554109215736,-0.003604992691983812
0.19866533332969993,0.03811518486589194,-0.003522949735558293
0.20862133335322142,0.07898608937859536,-0.0031434749541369472
0.2185773333767429,0.1154186648502946,-0.002357089446425782
0.22853433334967121,0.1380988083779812,-0.0012078658036359761
0.2384903333731927,0.11406485170125961,0.00016704593582349335
0.24844633333850652,0.081856450997293,0.0013026755954047603
0.258402333362028,0.05061558175832034,0.0021176384234591946
0.2683583333273418,0.02224839974194765,0.0026215671536893707
0.2783143333508633,0.016134587600827217,0.0028430722220435167
0.2882713333819993,0.017192750908434393,0.0030037243112873194
0.2982273333473131,-0.028803347758948803,0.0031748953387353415
0.3081833333708346,-0.03943241637200117,0.00288812920776975
0.3181393333361484,-0.05073117390275002,0.002495540071737866
0.3280953333596699,-0.05320169560611248,0.0019904605031688147
0.3380513333249837,-0.023427271507680418,0.0014607844235597221
0.3480073333485052,-0.01574406668543816,0.0012275425078782118
0.3579643333796412,-0.047771971151232724,0.0010707788354010971
0.367920333344955,-0.07864267509430647,0.0005951610922764512
0.3778763333684765,-0.13233802188187838,-0.00018780538281225638
0.3878323333337903,-0.125434214361012,-0.0015053627240779373
0.3977883333573118,-0.11111160580068827,-0.0027541857652065714
0.40774433338083327,-0.09097872868180275,-0.0038604129151717337
0.4177013333537616,-0.06442451242357493,-0.004766288114193496
0.42765733337728307,-0.08251276440918447,-0.005407698561397969
0.4376133333425969,-0.08964483261108398,-0.006229195640993757
0.44756933336611837,-0.07750670727342368,-0.007121699596578289
0.4575253333314322,-0.06243148896843195,-0.007893356371504083
0.4674813333549537,-0.04499257028102875,-0.008514924277142273
0.477438333327882,-0.032755773179233075,-0.008962915298212451
0.4873943333514035,-0.038110360912978654,-0.009289031776755361
0.49735033337492496,-0.021538109220564365,-0.009668458530901388
0.5073063333402388,-0.026962132640182972,-0.009882891945554253
0.5172623333637603,-0.007621480152010918,-0.010151326938754104
0.5272183333290741,0.00025037046521902083,-0.010227206394883165
0.5371743333525956,-0.008451309688389301,-0.010224713706525555
0.5471313333255239,-0.025369278006255627,-0.010308863396864055
0.5570873333490454,-0.05928619857877493,-0.01056143992929106
0.5670433333725668,-0.09516168057918549,-0.011151693323735843
0.5769993333378807,-0.10890808258205653,-0.012099123012281419
0.5869553333614022,-0.09845486897975207,-0.013183411885030053
0.596911333326716,-0.08902857262641192,-0.014163628557177442
0.6068673333502375,-0.08238047115504742,-0.015049997028340083
0.6168243333813734,-0.09100376207381487,-0.015870259382195887
0.6267803333466873,-0.12419478736817838,-0.016776292834246215
0.6367363333702087,-0.1774782343581319,-0.018012776140205043
0.6466923333355226,-0.21543960090726616,-0.01977974943531856
0.656648333359044,-0.2344300051778555,-0.021924666107018764
0.6666043333825655,-0.2597302494943142,-0.024258651244083634
0.6765613333554938,-0.2615158064290881,-0.026844785331267187
0.6865173333790153,-0.2657378615811467,-0.029448436706226426
0.6964733333443291,-0.2669739995151758,-0.03209412284691089
0.7064293333678506,-0.23433436665683985,-0.03475211599236361
0.7163853333331645,-0.20078753829002383,-0.037085148938670945
0.7263413333566859,-0.15404518872499467,-0.03908418967460924
0.7362973333802074,-0.09913256127387286,-0.04061786357717866
0.7462543333531357,-0.0501001862436533,-0.04160492648709893
0.7562103333766572,-0.012400190234184266,-0.042103723942519176
0.7661698333686218,0.020514956116676333,-0.042227223637056895
0.7761258333339356,0.056838755104690795,-0.04202297673467085
0.7860818333574571,0.06328044986352324,-0.04145709008751162
0.7960378333809786,0.08152639394626021,-0.04082706992718193
0.8059948333539069,0.1086965778283775,-0.04001531162486607
0.8159508333774284,0.13775407847017052,-0.03893312849345004
0.8259068333427422,0.15977767104282975,-0.03756164889297919
0.8358628333662637,0.15741747898980976,-0.03597090239631857
0.8458188333315775,0.1455285729467869,-0.03440365398095623
0.855774833355099,0.13024634493514897,-0.032954771505274975
0.8657308333786204,0.10596910754218698,-0.03165803889203705
0.8756878333515488,0.07835407845675946,-0.030602904491108255
0.8856438333750702,0.04644627945497632,-0.029822811284149753
0.8955998333403841,-0.025387294739484787,-0.029360392127507053
0.9055558333639055,-0.08241621226072311,-0.02961314803453051
0.9155118333292194,-0.11502744957804681,-0.030433683840939564
0.9254678333527409,-0.14296588450670242,-0.03157889713164421
0.9354248333256692,-0.15627104099839925,-0.03300240843980712
0.9453808333491907,-0.18090601835399867,-0.03455824292766291
0.9553368333727121,-0.1696798759326339,-0.036359343250650496
0.965292833338026,-0.1546920369565487,-0.03804867608955025
0.9752488333615474,-0.15801928538829088,-0.03958879001312824
0.9852048333268613,-0.11911808855831624,-0.04116203001297298
0.9951608333503827,-0.08187267702072859,-0.04234796970546141
1.0051178333815187,-0.057506488859653475,-0.04316317595310599
1.0150738333468325,-0.05505420316010714,-0.04373571055419802
1.025029833370354,-0.037244735453277826,-0.044283830202155004
1.0349858333356678,-0.03169517962262035,-0.04465463878703596
1.0449418333591893,-0.01637933012098074,-0.04497019599610429
1.0548978333827108,0.014451631028205156,-0.04513326860717404
1.0648548333556391,0.030854002833366395,-0.04498937371741743
1.0748108333791606,0.051587425544857984,-0.0446821912644827
1.0847668333444744,0.05055977739393711,-0.044168586857547466
1.094722833367996,0.04580339636653662,-0.04366521371262419
1.1046788333333097,0.04139057580381632,-0.0432091950999877
1.1146348333568312,0.0030863614194095138,-0.042797110526311334
1.1245908333803527,0.011016519740223885,-0.0427663827119471
1.134547833353281,0.026952630914747717,-0.042656691225191924
1.1445038333768025,0.009318999946117401,-0.04238835083117073
1.1544598333421163,0.020990992560982705,-0.04229557086803042
1.1644158333656378,-0.02238862328231335,-0.04208658454559954
1.1743718333309516,-0.040569973904639484,-0.042309485678221674
1.1843278333544731,-0.03812870655208826,-0.04271340033937053
1.1942848333274014,-0.021447367742657663,-0.043093047869477465
1.204240833350923,-0.03659401344135404,-0.043306577863227835
1.2141968333744444,-0.02524844164028764,-0.043670907861910704
1.2241528333397582,-0.009479451198130847,-0.043922281346005634
1.2341088333632797,-0.008715000841766596,-0.0440166587623572
1.2440648333285935,0.021211085412651303,-0.04410342531043553
1.254020833352115,0.024688662104308607,-0.04389224774356826
1.2639778333250433,0.0407907428406179,-0.04364642273566402
1.2739338333485648,0.041311857663095,-0.04324031009898337
1.2838898333720863,0.0153589178994298,-0.042829009243117874
1.2938458333374,0.07272790582850576,-0.04267609585704389
1.3038018333609216,0.06562542088329792,-0.04195201682490462
1.3137578333262354,0.03316862314939499,-0.0412986501368668
1.3237148333573714,0.03416694385930896,-0.04096839015513554
1.3336708333808929,0.02253801964223385,-0.0406282240612686
1.3436268333462067,0.05822798045352102,-0.04040383553849228
1.3535828333697282,0.07935429951176047,-0.039824117763727414
1.363538833335042,0.09132806327193976,-0.039034066360540826
1.3734948333585635,0.11665913337841631,-0.03812480416045722
1.383450833382085,0.13422469910234214,-0.03696334582579772
1.3934078333550133,0.15563996197655797,-0.035626870500469386
1.4033638333785348,0.17802494902163746,-0.03407731903536989
1.4133198333438486,0.13820628751069308,-0.03230490264908547
1.42327583336737,0.10735539101064205,-0.03092892084737819
1.433231833332684,0.12928818728774788,-0.029860090578199987
1.4431878333562054,0.17031250812113286,-0.028572897382522118
1.4531448333291337,0.1917697978578508,-0.026877095743770646
1.4631008333526552,0.21899481765925885,-0.024967835631787172
1.4730568333761767,0.24754715541377664,-0.022787523222020507
1.4830128333414905,0.2469506845995784,-0.02032294375130741
1.492968833365012,0.24654536291956902,-0.017864302729625362
1.5029248333303258,0.25353115936741233,-0.01540969710494985
1.5128818333614618,0.2595927302911878,-0.012885287343234585
1.5228378333267756,0.24686812922358514,-0.010300782129459798
1.532793833350297,0.24637601293623448,-0.00784296302910308
1.5427498333738185,0.26633595865219833,-0.0053900434385148015
1.5527058333391324,0.2867108374089003,-0.002738402643411691
1.5626618333626539,0.327343833334744,0.00011609046057518444
1.5726178333279677,0.36703714516013863,0.003375125653901589
1.5825748333591036,0.3311757695674896,0.00702971451968915
1.5925308333826251,0.3549883360415697,0.010326900489292822
1.602486833347939,0.38898740999400616,0.013861164350609502
1.6124428333714604,0.43934706643223764,0.017733923013659388
1.6223988333367743,0.46025554016232495,0.022108062391819477
1.6323548333602957,0.508930175229907,0.02669036656050148
1.642311833333224,0.5497069761157036,0.03175778430148807
1.6522678333567455,0.5663343743607402,0.03723066696862594
1.662223833380267,0.5706161076575518,0.04286909201308249
1.6721798333455808,0.614637016877532,0.04855014596112858
1.6821358333691023,0.6031515869870783,0.05466947211561846
1.6920918333344162,0.6441590970754624,0.06067444929474079
1.7020488333655521,0.6826456166803837,0.0670883414443777
1.712004833330866,0.7086740586161614,0.07388476118036923
1.7219608333543874,0.7931707102060318,0.0809403201246208
1.731916833377909,0.9029744765907527,0.0888371277340886
1.7418728333432227,0.9419155441224576,0.0978271415917054
1.7518288333667442,1.0044243259727956,0.10720485277114383
1.761784833332058,1.007945592328906,0.11720490132568935
1.7717388333403505,0.9359729457646608,0.12723799176008965
1.781694833363872,0.9082151897996664,0.1365565384301381
1.7916508333291858,0.8480001244693995,0.14559872882828107
1.8016068333527073,0.9129243180155755,0.15404141808744462
1.8115628333762288,1.0144563938677311,0.16313049261908102
1.8215188333415426,1.0677219703048468,0.17323042044124054
1.8314758333726786,1.1627286996692419,0.18386172813281046
1.8414318333379924,1.1396286895126104,0.19543785502638683
1.851387833361514,1.092342110350728,0.20678399828598013
1.8613438333268277,1.0572572815418244,0.2176593562987428
1.8712998333503492,1.0558548999577761,0.22818540981864147
1.8812558333738707,1.0833611525595188,0.23869750122745637
1.8912118333391845,1.098278934583068,0.24948344482476129
1.9011688333703205,1.052294457256794,0.2604190082106009
1.9111248333356343,0.985966566503048,0.2708956517905494
1.9210808333591558,0.9345318994671107,0.28071193494984514
1.9310368333826773,0.9930465944856406,0.2900161345629213
1.940992833347991,0.9892571602016688,0.29990290642317535
1.9509488333715126,0.9962347888201476,0.30975195073341194
1.960905833344441,1.033901382610202,0.3196714604987244
1.9708618333679624,0.9747741186618806,0.3299649826883105
1.9808178333332762,0.9787568034231663,0.33966983377989696
1.9907738333567977,1.0323621030896903,0.3494143365377998
2.000729833380319,1.0888562927395107,0.35969253366044346
2.010685833345633,1.2946364030241966,0.37053318687318976
2.020642833376769,1.5029767897725106,0.38342388157841145
2.030598833342083,1.6759912231564522,0.39838751844525405
2.0405548333656043,1.7294732196629048,0.4150736871024215
2.050510833330918,1.684511639624834,0.43229232241739657
2.0604668333544396,1.538380218744278,0.4490633203411236
2.070422833377961,1.4430149088799955,0.46437943383512664
2.080378833343275,1.4354008108377458,0.4787460902178832
2.090335833374411,1.536551355868578,0.49303837613608725
2.1002918333397247,1.7182661537826063,0.5083362813818177
2.110247833363246,1.9095158600807192,0.5254433392492935
2.12020383332856,2.1602164006233218,0.5444544790860234
2.1301598333520815,2.3893623501062393,0.5659615936214407
2.140115833375603,2.570378405749798,0.5897500852352998
2.1500728333485313,2.6512313649058346,0.6153433429517661
2.1600288333720528,2.5837176588177684,0.6417390024831294
2.1699848333373666,2.4290392166376114,0.6674624954046998
2.179940833360888,2.282704458832741,0.6916460099026784
2.189896833326202,2.2402910953760147,0.7143726154156389
2.1998528333497234,2.150146618187428,0.7366769536138975
2.2098098333808593,2.0221449279785157,0.7580859635581366
2.219765833346173,2.1807983073592188,0.7782184383909503
2.2297218333696947,2.1181895381212237,0.7999304663903143
2.2396778333350085,2.1184909620881083,0.8210191613583773
2.24963383335853,2.3344893009960654,0.8421108574267565
2.2595898333820514,2.3679173943400382,0.865353032962384
2.2695468333549798,2.4007196894288065,0.8889303863937242
2.2795028333785012,2.281736306101084,0.9128319516781459
2.289458833343815,2.0076259991526606,0.9355489182625436
2.2994148333673365,1.7423039111495018,0.9555368427573299
2.3093708333326504,1.473542490899563,0.9728832204363005
2.319326833356172,1.294674117565155,0.9875538095103564
2.3292828333796933,1.2549871645867825,1.0004435850552877
2.3392398333526216,1.3158566795289517,1.0129394922191037
2.349195833376143,1.4502027449011803,1.026040161351445
2.359151833341457,1.590756360590458,1.040478379829379
2.3691078333649784,1.6182663407921791,1.0563159501928345
2.3790638333302923,1.480217672288418,1.07242740982563
2.3890198333538137,1.164254092052579,1.0871644570057504
2.398976833326742,0.8646060707420111,1.0987569349687996
2.4089328333502635,0.9043604128807784,1.1073649530294438
2.418888833373785,1.1884401494264603,1.1163687653213568
2.428844833339099,1.7331883943080904,1.128200875407824
2.4388008333626203,2.1899117776751518,1.1454564991023226
2.448756833327934,2.6294145262241364,1.1672592606848968
2.45871383335907,2.6871844321489338,1.19344034120438
2.4686698333825916,1.9705583064258099,1.2201939494740612
2.4786258333479054,0.525675796866417,1.2398128279044855
2.488581833371427,-0.5740960049629211,1.2450464561504522
2.4985378333367407,-1.0777326227724553,1.2393307563449545
2.508493833360262,-1.2290645572543144,1.228600850327282
2.5184508333331905,-0.6199355444312096,1.2163630545639736
2.528406833356712,0.6843695220351219,1.2101909762690348
2.5383628333802335,1.650217719823122,1.217004559246514
2.5483188333455473,2.179686459302902,1.2334341268078333
2.558274833369069,2.5981746071577074,1.2551350852479224
2.5682308333343826,1.5068672347068788,1.2810025115466637
2.5781878333655186,2.11982851266861,1.2960063886495579
2.5881438333308324,2.2703449067473414,1.3171114012481577
2.598099833354354,-0.18252390637993812,1.3397149551931362
2.6080558333778754,0.14369547083973885,1.3378977471769242
2.618011833343189,0.3538033246994019,1.3393283792796205
2.6279678333667107,0.5806685677170754,1.3428508451886496
2.637924833339639,1.0827871021628381,1.3486325621016888
2.6478808333631605,1.3107504522800446,1.3594127905162907
2.6578368333284743,1.6178430023789407,1.372462621973726
2.667792833351996,1.6318279342353346,1.3885698669434647
2.6777488333755173,1.6686285553872586,1.4048163458950946
2.687704833340831,1.6409639163315297,1.4214292117346519
2.697661833371967,1.4175121316313744,1.4377682895006578
2.707617833337281,1.3119282276928426,1.4518810402340117
2.7175738333608024,1.308057809472084,1.46494259769978
2.727529833326116,1.122626228928566,1.4779656212055126
2.7374858333496377,1.1360274624824525,1.4891424879671311
2.747441833373159,1.7400265668332577,1.5004527774103276
2.7573988333460875,2.624713364839554,1.5177782218891809
2.7673545833677053,2.494901084303856,1.543909212027923
2.777310583333019,3.354691753685475,1.5687484471367137
2.7872665833565407,2.8084217709302903,1.6021477583153136
2.797222583380062,0.767190946340561,1.630108405532754
2.807178583345376,0.2354574340581894,1.6377465585679096
2.817135583376512,-0.2601003782451153,1.6400910082461582
2.8270915833418258,0.7508944639563561,1.6375014488893718
2.8370475833653472,3.2983973926305774,1.6449773541901833
2.847003583330661,4.572857685685158,1.6778161985168045
2.8569595833541825,4.094889906048775,1.7233435697430464
2.866915583377704,3.642854235470295,1.764112293743986
2.8768725833506323,2.339493494331837,1.8003841932679454
2.886828583374154,1.6102118012309075,1.8236761905525416
2.8967845833394676,1.5973103584349155,1.8397074591897444
2.906740583362989,-0.31467419609427455,1.8556102811558937
2.916696583328303,-1.9348337191343308,1.8524773848704938
2.9266525833518244,-3.0610045301914215,1.8332141803172823
2.9366095833247527,-3.4906649529933933,1.802735758293033
2.9465655833482742,-2.710442024767399,1.7679826979389253
2.9565215833717957,-1.2611298108100892,1.7409975370765873
2.9664775833371095,0.5273872768878937,1.7284417287239058
2.976433583360631,1.6697247621417046,1.7336923964650066
2.986389583325945,2.088413761854172,1.750316176138973
2.996346583357081,2.770105551481247,1.7711105120307797
3.0063025833806023,2.0425682289898397,1.798689682966484
3.016258583345916,-0.02157564103603363,1.8190254921834579
3.0262145833694376,-2.128287387192249,1.8188106851007957
3.0361705833347514,-3.366408112049103,1.7976214559477317
3.046126583358273,-3.294617167711258,1.7641054967049878
3.0560835833312012,-2.100975773781538,1.7313009936552777
3.0660395833547227,-0.7870513066649437,1.7103836788020905
3.075995583378244,0.45607711985707283,1.7025477959744217
3.085951583343558,1.1418356479704381,1.707088499763899
3.0959075833670795,0.6231694932281971,1.7184566155019505
3.1058635833323933,1.4617545041441917,1.724660890954915
3.115819583355915,2.976343571841717,1.7392141188325572
3.125776583328843,3.4718465664982796,1.7688495716968105
3.1357325833523646,3.3778537443280223,1.8034152761945303
3.145688583375886,3.0570395332574845,1.8370451881525123
3.1556445833412,1.1240153811872007,1.8674810736395868
3.1656005833647214,-1.2536010821163655,1.8786717708011251
3.1755575833376497,-3.0633784997463227,1.8661896648604295
3.185513583361171,-3.6381153595447544,1.8356906684449
3.195469583326485,-3.6596453922986987,1.7994695920514647
3.2054255833500065,-3.222672733962536,1.7630341624396586
3.215381583373528,-2.6031149196624757,1.7309492326245255
3.225337583338842,-2.5369694620370864,1.705032620574658
3.2352945833699778,-2.2016817842423917,1.6797720155621636
3.2452505833352916,-0.5088989657163621,1.6578520717946144
3.255206583358813,0.8583639487624168,1.6527854736799723
3.2651625833823346,1.346475624293089,1.661331345174041
3.2751185833476484,1.3467460580170156,1.674736856442799
3.28507458337117,1.767452639490366,1.6881450602280939
3.295031583344098,2.0326424342393876,1.7057435861116514
3.3049875833676197,2.049217828810215,1.7259805742347496
3.3149435833329335,1.2101666486263276,1.7463825868673046
3.324899583356455,0.07118298009037972,1.7584310060494932
3.3348555833799765,-0.7962957546114922,1.7591397038009473
3.3448115833452903,-0.877981503456831,1.7512117832956557
3.3547685833764262,-0.5956118582189084,1.7424697214383993
3.36472458334174,-0.50507941827178,1.7365398097986313
3.3746805833652616,-1.2291320925951004,1.7315112390984373
3.3846365833305754,-1.4142428071796895,1.7192740000271944
3.394592583354097,0.1086393664777279,1.7051937986056485
3.4045485833776183,2.8363059729337694,1.706275412140856
3.4145055833505467,4.388007026016712,1.734516510636574
3.424461583374068,5.055239528417587,1.778203508690809
3.434417583339382,4.645599387288094,1.8285334732603875
3.4443735833629034,3.5565408539772037,1.8747850608694991
3.4543295833282173,2.3465306183695795,1.9101939814883333
3.4642855833517388,0.9256747564673424,1.9335560403800147
3.474242583324667,0.4671909226477146,1.9427729839051004
3.4841985833481885,-1.2010734973847867,1.9474243367419701
3.49415458337171,-2.8797250574827196,1.935466448973756
3.504110583337024,-3.560488309264183,1.9067959064013449
3.5140665833605453,-2.192983758598566,1.8713476847105628
3.524022583325859,0.2948606134951115,1.8495143384860218
3.533979583356995,1.912448384910822,1.8524502656237734
3.5439355833805166,2.9776413613557815,1.871490601788929
3.5538915833458304,2.6192111349105835,1.9011359990793042
3.563847583369352,0.9475032895803452,1.9272128652000817
3.5738035833346657,-1.1821308575570584,1.9366462079182785
3.5837605833658017,-1.797035311460495,1.924875730932776
3.5937165833311155,-0.8433532691001893,1.9069844474342075
3.603672583354637,-1.3944052509963514,1.8985880222672091
3.6136285833781585,-0.8810312649607659,1.884705323555491
3.6235845833434723,0.1255889828503132,1.8759337763121011
3.633540583366994,-0.16421130403876305,1.877184140228313
3.643497583339922,-0.10324063226580621,1.8755490882784445
3.6534535833634436,0.5336955454945564,1.8745212245411778
3.6634095833287574,1.2307111331820488,1.8798346973736098
3.673365583352279,1.9270787031948566,1.8920876574445185
3.6833215833758004,2.269803016036749,1.911273653058854
3.6932775833411142,0.8618795871734619,1.9338718118077851
3.70323458337225,-1.9196483539044857,1.9424535468841067
3.713190583337564,-4.089475969076156,1.9233415279392188
3.7231465833610855,-3.326362578570843,1.882626705094906
3.7331025833263993,-3.670796617269516,1.8495094393780334
3.743058583349921,-3.9591245752573014,1.8129629881701554
3.7530145833734423,-2.226414483189583,1.7735459438057692
3.7629715833463706,-2.553902706205845,1.7513775348569234
3.7729277500184253,-3.4874127316474914,1.7259504538497266
3.7828837500419468,-3.51973029255867,1.691229772611415
3.7928397500072606,-2.582420746386051,1.6561873379407868
3.802795750030782,-1.5238737152516844,1.6304767569290248
3.8127527500037104,-1.224298199415207,1.6153035463875176
3.822708750027232,-0.3409268056601286,1.6031144334853424
3.8326647499925457,1.0298434149473905,1.5997201662200156
3.842620750016067,2.5052500712871555,1.6099732872834551
3.8525767500395887,3.283011614084244,1.6349155570521172
3.8625327500049025,2.6629114705324173,1.6676012205680648
3.8724897500360385,1.8890587913990022,1.6941158301630685
3.8824457500013523,1.446989553719759,1.7129232994247128
3.8924017500248738,0.9215061302483082,1.727329527455582
3.9023577500483952,-0.008972844779491425,1.7365040425100093
3.912313750013709,-0.2557906879484654,1.736414708867696
3.9222697500372306,-0.08344634547829628,1.7338680567724645
3.932226750010159,0.7713941442221404,1.733037181512796
3.9421827500336803,2.069333420097828,1.740717181630816
3.952138749998994,2.977278833985329,1.7613194650895327
3.9620947500225157,2.929111225605011,1.7909612532307206
3.972050750046037,1.9686981609463692,1.8201234846617411
3.9820077500189655,0.6136446712911129,1.8397258121969882
3.991963750042487,-0.6798725746572019,1.8458352585587963
4.001919750007801,-1.614775553047657,1.8390664472290914
4.011875750031322,-2.855546236038208,1.822989741784967
4.021831749996636,-5.1462496858835225,1.7945599235580185
4.0317877500201575,-6.613205580711365,1.7433238615643147
4.041744749993086,-5.67991979598999,1.6774761737762023
4.051700750016607,-2.9594676303863525,1.6209268921537259
4.061656750040129,0.07456091657280922,1.5914624323559883
4.071612750005443,2.2508080436289313,1.592204760838801
4.081568750028964,3.794502650499344,1.614613805774113
4.091524749994278,3.6520878660678866,1.6523918740308678
4.101481750025414,2.581797140836716,1.6887557130270172
4.111437750048935,1.1327369418740274,1.7144600854219152
4.121393750014249,-0.2342359507083893,1.7257376143759227
4.131349750037771,-0.879158840328455,1.7234055612451604
4.1413057500030845,-1.4758805000782014,1.714652655861345
4.151261750026606,-2.0012857170403007,1.6999587895678516
4.161218749999534,-1.6419515110552312,1.6800319877374594
4.171174750023056,-1.0302182945609093,1.6636847184547725
4.181130750046577,-0.24084301203489306,1.653427865089892
4.191086750011891,0.14547046624124052,1.6510300320704265
4.201042750035413,-0.6320938792079688,1.652478336035746
4.210999750008341,-2.605683016777039,1.646184577297584
4.220955750031862,-5.238549154400825,1.6202423971212623
4.230911749997176,-7.041003080606461,1.568087401921753
4.240867750020698,-6.569732117056847,1.4979871750856202
4.250823750044219,-4.269264986515045,1.4325789219736724
4.260779750009533,-3.6309712314605713,1.3900741199160132
4.270736750040669,-3.1028220623731615,1.3539205392513065
4.280692750005983,-0.7086075465381145,1.3230288429059442
4.290648750029504,-0.680956429168582,1.3159739461559432
4.300604749994818,-1.3740671731531622,1.3091943439707605
4.31056075001834,-1.919514306485653,1.2955141311625276
4.320516750041861,-2.5800263115763666,1.2764034466820067
4.330473750014789,-2.2011469101905825,1.2507141247674864
4.340429750038311,-1.0460891727358104,1.2287995060778547
4.350385750003625,-0.6976516916602851,1.218384642310382
4.360341750027146,-0.5745447787642479,1.2114388220518022
4.37029774999246,0.26775993838906287,1.205718654254354
4.380254750023596,0.8735213935375215,1.208384739969231
4.3902107500471175,0.9727993677556516,1.217081518983837
4.400166750012431,1.2933684343099594,1.2267667094554697
4.410122750035953,1.8868976604938508,1.2396434856178817
4.420078750001267,2.645528867840767,1.2584294386603092
4.430034750024788,1.8507609906792641,1.2847683241307586
4.439991749997716,-0.1416034832596779,1.3031963512648488
4.449947750021238,-2.728944661617279,1.3017865469821848
4.459903750044759,-3.321478399336338,1.2746171738669343
4.469859750010073,-2.2629049095511435,1.241548535038351
4.479815750033595,-1.5341993133723737,1.219019053705633
4.489772750006523,-1.2992630124092102,1.2037430311839175
4.4997287500300445,-1.2294520814716816,1.1908075686018107
4.509684749995358,-0.7126707766950131,1.1785671437213237
4.51964075001888,-1.2708893984556198,1.171471793451785
4.529596750042401,0.02590535804629326,1.1588188185708677
4.539552750007715,2.123009397983551,1.159076732314678
4.549509750038851,2.904186299443245,1.1802155369565022
4.559465750004165,2.9363901320099832,1.209129615653024
4.569421750027686,2.057743361592293,1.2383643158763837
4.579377749993,1.2282070630788804,1.2588512087130213
4.589333750016522,-0.3929249981045723,1.2710792382619238
4.599289750040043,-1.1872043403983117,1.2671672769715525
4.6092467500129715,-1.2017913892865182,1.2553462833863462
4.619202750036493,-1.0731821733713152,1.2433812482863418
4.629158750001807,-1.4739744539558888,1.2326966466054816
4.639114750025328,-2.4743095296621322,1.2180217569072267
4.64907075004885,-4.441525713801385,1.193387531171711
4.659027750021778,-6.729756376147271,1.1491632597596302
4.6689837500452995,-7.428882808685303,1.082161805120414
4.678939750010613,-6.880809252262116,1.0081998481348227
4.688895750034135,-5.2958606386184695,0.9396945110574542
4.698851749999449,-3.7032191357016564,0.8869689227230618
4.70880775002297,-2.274206115603447,0.8500996729209109
4.7187647499958985,-1.1822208315879108,0.827455402689414
4.72872075001942,-0.7317449788749218,0.8156852120623171
4.738676750042941,-0.4791785187274218,0.8083999590354267
4.748632750008255,-1.175589796677232,0.8036292577195974
4.758588750031777,-2.5846333327889446,0.7919250856762272
4.7685447499970905,-2.876528677046299,0.7661924763046315
4.778502125001978,-2.3342019103467466,0.7375498015549683
4.7884581250255,-1.7452232797443867,0.7143104872806522
4.798414125049021,0.3285798250883818,0.6969350442664668
4.808370125014335,2.0129962281882765,0.7002063849936495
4.818326125037856,0.8862901045382023,0.7202477754888407
4.828283125010785,-1.2864140483736992,0.7290725660357342
4.838239125034306,-3.058898655474186,0.7162650277398673
4.84819512499962,-4.5931311517953874,0.6858106328320679
4.8581511250231415,-5.391232818961144,0.6400814189767557
4.868107125046663,-4.381847276687623,0.5864063049043688
4.878063125011977,-2.9223410269618038,0.5427806335696564
4.888020125043113,-1.6160815286636354,0.5136828838732078
4.897976125008427,1.2699210995435715,0.49759317622988836
4.907932125031948,4.052500223815441,0.5102365107268145
4.917888124997262,5.65507790029049,0.5505832028145553
4.927844125020783,5.224737446308136,0.6068851585228633
4.937801124993712,2.9914706110954286,0.658907869134311
4.947757125017233,1.3070880487561227,0.6886909506087409
4.957713125040755,0.6520122731477023,0.7017043192529014
4.9676691250060685,0.5192937071621418,0.7081957534217441
4.97762512502959,0.35198440209031107,0.713365841582465
4.987581124994904,0.5589956436306238,0.7168701982774671
4.99753812502604,0.9248189433664084,0.7224361179185022
5.007494124991354,0.42005125477910044,0.7316436152865797
5.017450125014875,-1.2920231361687184,0.7358256455890407
5.027406125038397,-4.137978330552579,0.7229622632149547
5.03736212500371,-6.942944689393044,0.6817645510995038
5.047319125034846,-9.140513103604317,0.6126336506110419
5.05727512500016,-10.554830024242401,0.5216307024686068
5.067231125023682,-9.886131917238236,0.4165468144989842
5.077187125047203,-7.742855485081673,0.3181204848984238
5.087143125012517,-5.573004627227784,0.24103261595752073
5.0970991250360385,-3.0176839712262153,0.1855477817577556
5.107056125008967,-0.28167550764977933,0.15550070253794995
5.117012125032488,1.3300065028667452,0.15269634117716332
5.126968124997802,0.9167400647699834,0.1659378858735718
5.136924125021324,-0.2974798372015357,0.17506494997998484
5.146880125044845,-0.33291586440056564,0.1721032407138092
5.156836125010159,0.3689852181449533,0.16878873037938474
5.166793125041295,-1.5854666769504548,0.17246271620794276
5.176749125006609,-2.906050391793251,0.1566778100272178
5.18670512503013,-2.3558572196960452,0.1277451722581696
5.196661124995444,-3.308377420306206,0.10429025786059144
5.2066171250189655,-4.575006829798222,0.07135205218620491
5.216574124991894,-5.314137280583382,0.025798709305757152
5.226530125015415,-5.740764752626419,-0.027108841584727386
5.236486125038937,-5.669024679064751,-0.08426389559690732
5.246442125004251,-5.079838764667511,-0.14070470510503919
5.256398125027772,-4.063112043142319,-0.19127957996555428
5.266354124993086,-3.2946446496248245,-0.2317319233261454
5.276311125024222,-2.613670313358307,-0.2645367002050417
5.286267125047743,-1.3352692893147469,-0.29055840190631443
5.296223125013057,0.02523227043449879,-0.30385234290441665
5.306179125036579,1.0868582260608675,-0.3036011304193773
5.3161351250018924,1.807300683259964,-0.2927803699584143
5.326091125025414,2.1367883616685868,-0.2747868843133677
5.336048124998342,1.816474087536335,-0.25351088265408
5.346004125021864,0.8302245888859034,-0.2354260665958421
5.355960125045385,-0.15221910327672958,-0.22716035056936593
5.365916125010699,-0.9683105333894492,-0.22867584395630916
5.3758721250342205,-1.0925080981850626,-0.23831634364951063
5.385829125007149,-1.4288696171343327,-0.24919444675356325
5.39578512503067,-1.9164179134368897,-0.2634202726953618
5.405741124995984,-2.0148410247266293,-0.28250012937506624
5.415697125019506,-2.5869081920385364,-0.3025598866646366
5.425653125043027,-2.538100021183491,-0.3283151446854202
5.435609125008341,-1.458818324804306,-0.35358446840828606
5.445566125039477,-0.8352433271706105,-0.36810992251378427
5.455522125004791,-0.4858425173163414,-0.37642560505012346
5.465478125028312,-0.41640726998448374,-0.3812626531639527
5.475434124993626,-0.7268367529660463,-0.3854084039294746
5.4853901250171475,-1.0711341860890389,-0.39264479065910085
5.4953471250482835,-2.0049772104620933,-0.4033100737833402
5.505303125013597,-2.565173799097538,-0.4232716268211558
5.515259125037119,-2.2803674729168417,-0.4488104972253076
5.525215125002433,-2.5057216492295264,-0.4715138357065704
5.535171125025954,-2.7438144233822825,-0.4964608005052379
5.545127124991268,-3.0321403348445894,-0.5237782168092595
5.555084125022404,-3.3980956354737284,-0.5539692382177157
5.565040125045925,-3.8399159279465676,-0.5878006784444204
5.574996125011239,-4.380547440648079,-0.6260308812898644
5.584952125034761,-4.797936896681786,-0.6696436117119936
5.5949081250000745,-4.8180311456322675,-0.7174118712889354
5.6048651250312105,-4.825275845825672,-0.7653850075560099
5.614821124996524,-4.703464310467243,-0.8134254537096799
5.624777125020046,-4.998174211978912,-0.8602531444953242
5.634733125043567,-5.854241082072258,-0.9100149670673507
5.644689125008881,-5.944211604595185,-0.9682997910774009
5.654645125032403,-5.905937485098839,-1.0274803619525672
5.664602125005331,-5.685220881700516,-1.0862857813318127
5.674558125028852,-5.262246165275574,-1.142887840563748
5.684514124994166,-5.688726287484169,-1.1952787632027044
5.694470125017688,-4.4119616067409515,-1.2519157222547042
5.704426125041209,-3.4483910456299784,-1.295841212115193
5.7143831250141375,-3.2107903146743775,-1.330176841663177
5.724339125037659,-2.6922981145977976,-1.3621434701115975
5.734295125002973,-2.2344878800213337,-1.3889479900471478
5.744251125026494,-3.1820617747306827,-1.4111945514331987
5.754207124991808,-3.0425746911764144,-1.4428751583520438
5.76416312501533,-2.0919165363907815,-1.473167032048962
5.774119208334014,-2.6699491792917254,-1.4939943273810021
5.784075208357535,-2.8313156667351724,-1.5205763414728317
5.794031208381057,-2.484745055437088,-1.5487649203174438
5.803987208346371,-2.493768770992756,-1.5735030420031892
5.813943208369892,-2.4485136607289317,-1.5983310039458503
5.82390020834282,-2.257659957110882,-1.6227108543994428
5.833856208366342,-1.955335957556963,-1.6451881169855422
5.843812208331656,-1.7737894132733345,-1.6646554417111563
5.853768208355177,-1.6180128639936449,-1.6823152891514277
5.863724208378699,-1.5522157542407513,-1.6984242252634065
5.8736802083440125,-1.5974205784499647,-1.713878085258787
5.8836372083751485,-1.6162581145763397,-1.7297836020081505
5.893593208340462,-1.7157704159617424,-1.7458750677408108
5.903549208363984,-1.7622239130735398,-1.7629572780424834
5.913505208329298,-1.6821356235444547,-1.7805019792599188
5.923461208352819,-1.2647661942243578,-1.7972493215674938
5.933417208376341,-1.5696188221871854,-1.8098413338269408
5.943374208349269,-2.1383141925930977,-1.8254700283969663
5.95333020837279,-1.4655383835732938,-1.8467590845487194
5.963286208338104,-1.427992096245289,-1.8613499846447412
5.973242208361626,-1.515331956446171,-1.8755670739885477
5.9831982083269395,-1.4438528148829937,-1.8906537188943646
5.9931552083580755,-1.3702047948539258,-1.9050301614171103
6.003111208381597,-1.3638151037693025,-1.9186719203869054
6.013067208346911,-1.4200181020796299,-1.932250063512727
6.023023208370432,-1.4370193201303483,-1.9463877637704328
6.032979208335746,-1.3575214532017708,-1.960694728071806
6.042935208359268,-1.2380942662060261,-1.9742102116918137
6.052892208332196,-1.0611148358881475,-1.9865379162669097
6.062848208355717,-0.9346470165252686,-1.997102375597971
6.072804208379239,-0.9266583312302829,-2.006407721316481
6.082760208344553,-0.9053081734478474,-2.0156335316300673
6.092716208368074,-0.9421133261919022,-2.024646779826208
6.1026732083410025,-0.9924615805596114,-2.0340274021895963
6.112629208364524,-1.0243020817637445,-2.043908349708992
6.122585208329838,-1.056329766958952,-2.0541063011995027
6.132541208353359,-1.053022435605526,-2.0646231203841925
6.142497208376881,-1.0416170029342176,-2.07510701177785
6.152453208342195,-0.9859240280091763,-2.0854773506229334
6.1624102083733305,-0.9035035765171051,-2.0952941962005185
6.172366208338644,-0.8077811479568482,-2.104289477776984
6.182322208362166,-0.6942734628170729,-2.1123317469050424
6.19227820832748,-0.6058676917478443,-2.1192439334767674
6.202234208351001,-0.572652839049697,-2.12527595223006
6.212191208382137,-0.5796115373075009,-2.130977856566308
6.222147208347451,-0.6608949977159501,-2.136748469011637
6.232103208370972,-0.7660054233670235,-2.1433283396244422
6.242059208336286,-0.767671514376998,-2.1509546895929144
6.252015208359808,-0.75390066370368,-2.1585976272081084
6.2619712083251216,-0.7590089374780655,-2.1661034621897923
6.2719282083562575,-0.7360233134776354,-2.173660914203894
6.281884208379779,-0.6468220652639867,-2.1809887623301893
6.291840208345093,-0.4990187061578036,-2.1874285227895216
6.301796208368614,-0.4181521522253752,-2.1923967530397666
6.311752208333928,-0.32083855010569096,-2.1965598758528184
6.321709208365064,-0.22733170464634897,-2.1997544653062104
6.331665208330378,-0.20543139696121218,-2.2020177797497844
6.341621208353899,-0.2415495749562979,-2.2040630547427624
6.351577208377421,-0.26953785739839076,-2.2064679223167087
6.361533208342735,-0.3436074616760016,-2.2091514412156177
6.371489208366256,-0.3250026447325945,-2.212572397112146
6.3814462083391845,-0.3393438182026148,-2.2158084484369502
6.391402208362706,-0.37254672065377237,-2.2191869554989574
6.40135820832802,-0.3984627498686314,-2.222896030636864
6.411314208351541,-0.33791442979127173,-2.226863125783929
6.421270208375063,-0.18925964299589396,-2.230227401854879
6.431227208347991,-0.05423040356487036,-2.2321118601150656
6.441183208371513,0.008037326820194722,-2.232651778014233
6.451139208336826,0.03925352811813355,-2.23257175838869
6.461095208360348,0.10292817167937757,-2.2321809502618226
6.471051208325662,0.12106638081371784,-2.231156197388153
6.481007208349183,0.7186662192642689,-2.2299508604979237
6.490964208380319,-0.14463003862649204,-2.222795100930333
6.500920208345633,-0.435311902910471,-2.2242350375898816
6.5108762083691545,-0.07591980949044227,-2.2285690029054974
6.520832208334468,0.1423761197179556,-2.229324860526151
6.53078820835799,0.22470597591251135,-2.22790736387489
6.540745208330918,0.1805715210735798,-2.225669966478812
6.55070120835444,0.08073499158024788,-2.223872196410756
6.560657208377961,-0.2645449199527502,-2.2230683988326843
6.570613208343275,0.2412683604285121,-2.225702208046558
6.580569208366796,0.2571857239678502,-2.2233001402444565
6.59052520833211,-0.1592948554828763,-2.2207395991855536
6.600482208363246,-0.03980605345219374,-2.222325698066556
6.61043820832856,0.369465859271586,-2.2227220071333456
6.6203942083520815,0.48528385240584615,-2.2190436050297473
6.630350208375603,0.3440374878421426,-2.21421211898378
6.640306208340917,0.29814203437417747,-2.210786881766757
6.650263208372053,0.2935141093656421,-2.2078182815212104
6.660219208337367,0.21697175413370134,-2.204896055058547
6.670175208360888,0.24027670919895172,-2.202735884269288
6.680131208326202,0.3135282514616847,-2.2003436893608375
6.690087208349723,0.33455399841070177,-2.1972222020819103
6.700044208380859,0.3181565419211984,-2.193891047909318
6.710000208346173,0.27635519921779633,-2.190723481388986
6.719956208369695,0.23160612892359497,-2.1879720890190737
6.7299122083350085,0.20668295692652464,-2.185666218407544
6.73986820835853,0.1820260890573263,-2.183608482883522
6.749824208382051,0.06027583982795477,-2.1817962311365857
6.75978120835498,0.04976269226521254,-2.1811960646010506
6.769737208378501,0.04124593030661345,-2.1807006272356877
6.779696875018999,0.0073742525652050975,-2.1802898315195565
6.7896528750425205,0.05763107109814883,-2.180216413460844
6.799608875007834,0.1167468598857522,-2.17964263851899
6.80956587503897,0.1673140924796462,-2.1784801900314723
6.819521875004284,0.16650721326470375,-2.1768144109325482
6.829477875027806,0.12833512768149377,-2.1751566651133682
6.839433874993119,0.06566540122032166,-2.173878960586623
6.849389875016641,0.05077557619661093,-2.1732251958505286
6.859345875040162,0.009946698546409607,-2.172719674212721
6.869302875013091,-0.01514352109283209,-2.172620634935564
6.879258875036612,-0.043145361766219144,-2.1727714038319204
6.889214875001926,-0.04552294928580523,-2.1732009590521684
6.8991708750254475,-0.03292176101356745,-2.1736541855363285
6.909126875048969,-0.05851977478712798,-2.173981954589754
6.919083875021897,-0.08928630692884326,-2.174564635985725
6.929039875045419,-0.09151720242574811,-2.175453570459609
6.938995875010733,-0.08699160369113088,-2.1763647157237855
6.948951875034254,-0.059224912449717525,-2.1772308041321806
6.958907874999568,-0.03241440542042256,-2.1778204473584757
6.968863875023089,-0.004958493690937758,-2.1781431651796037
6.978820874996018,0.029992872420698407,-2.1781925369011503
6.988776875019539,0.056395810246467594,-2.1778939278626246
6.998732875043061,0.07896778028458357,-2.1773324511744843
7.0086888750083745,0.02571813751012087,-2.17654624795671
7.018644875031896,-0.007205377668142319,-2.1762901981790543
7.028601875004824,-0.023949153777211907,-2.176361942124301
7.038557875028346,-0.06058413427323103,-2.17660037989987
7.04851387499366,-0.10716983327642084,-2.177203555538593
7.058469875017181,-0.11060852598398925,-2.1782705384012138
7.0684258750407025,-0.11578866569325329,-2.179371756888512
7.078382875013631,-0.16495932737365365,-2.180524664629685
7.088338875037152,-0.17166765516623855,-2.1821669996968973
7.098294875002466,-0.17007103638723495,-2.1838761228657777
7.108250875025988,-0.18473939811810852,-2.1855693501080493
7.1182068749913014,-0.15354876011610033,-2.1874086155493053
7.128162875014823,-0.10249343119561673,-2.188937347008633
7.138119875045959,-0.07977325251325966,-2.189957874106239
7.148075875011273,-0.007023090720176697,-2.190752096605494
7.158031875034794,0.014593389462679626,-2.190822018496869
7.167987875000108,0.010447384659200908,-2.1906767267118847
7.1779438750236295,0.014934812039136887,-2.190572712549972
7.187900874996558,-0.034238444343209266,-2.1904240066269023
7.197856875020079,-0.10844227876514197,-2.1907648845795884
7.207812875043601,-0.1341701098624617,-2.191844535909525
7.217768875008915,-0.169479809794575,-2.1931803335186615
7.227724875032436,-0.15837991241365673,-2.194867674508963
7.237681875005364,-0.10074985544197262,-2.196444663292578
7.247637875028886,-0.036313319681212305,-2.1974477288557277
7.2575938749942,-0.04910887305624783,-2.197809264265214
7.267549875017721,-0.06864480427466334,-2.1982981922065172
7.277505875041243,-0.08763009223155678,-2.1989816198794903
7.2874618750065565,-0.07452642713673413,-2.199854065074708
7.2974188750376925,-0.05926177731715143,-2.200596124712029
7.307374875003006,-0.07577152775600553,-2.201186134964943
7.317330875026528,-0.0809782905690372,-2.201940516297064
7.327286874991842,-0.10570890644565226,-2.2027467361551607
7.337242875015363,-0.1471029357612133,-2.20379917403022
7.347199875046499,-0.14241010665893555,-2.205263877966175
7.357155875011813,-0.16234823495149614,-2.2066817129831318
7.367111875035334,-0.17881784973666073,-2.2082980520141273
7.377067875000648,-0.17653527947142722,-2.210078362519903
7.38702387502417,-0.1750848045386374,-2.211835947766473
7.396980874997098,-0.1615400766581297,-2.2135792671605246
7.4069368750206195,-0.10936793868429959,-2.2151875601675326
7.416892875044141,-0.08662899409420789,-2.216276427367646
7.426848875009455,-0.08122821335680783,-2.217138905629843
7.436804875032976,-0.09636984324082733,-2.217947613723934
7.446761875005905,-0.08394963542930782,-2.218907168250474
7.456717875029426,-0.07899997651576997,-2.219742970822783
7.46667387499474,-0.10404574817977846,-2.220529494586234
7.476629875018261,-0.08661460446193815,-2.221565374057559
7.486585875041783,-0.07589081095531583,-2.2224277090616193
7.496541875007097,-0.1181237329915166,-2.223183277972858
7.506498875038233,-0.1425324596464634,-2.2243594359859324
7.5164548750035465,-0.10188120944425465,-2.2257784891492287
7.526410875027068,-0.0764821197744459,-2.2267928184728523
7.536366874992382,-0.044788127867504954,-2.2275542744546737
7.546322875015903,0.004147439198568464,-2.228000185056776
7.556279875047039,0.010859316433779896,-2.2279588890045465
7.566235875012353,-0.020364276110194625,-2.2278507736505087
7.5761918750358745,-0.036220892560668294,-2.228053520383941
7.586147875001188,-0.05230423022992909,-2.2284141355890186
7.59610387502471,-0.13098568880930545,-2.228934876506418
7.606060874997638,-0.15239924320019782,-2.230239101006346
7.61601687502116,-0.1501440908946097,-2.231756387875232
7.625972875044681,-0.16434171522036195,-2.23325122244771
7.635928875009995,-0.13685806576162576,-2.234887408558744
7.645884875033516,-0.10668440474197269,-2.2362499674646856
7.655841875006445,-0.09411893930286169,-2.237312224079813
7.665797875029966,-0.07918284818530083,-2.238249272241726
7.67575387499528,-0.07979357158765198,-2.2390376166755126
7.6857098750188015,-0.08489895829930902,-2.239832041476116
7.695665875042323,-0.06294800824485719,-2.240677295506941
7.705621875007637,-0.037431229655630886,-2.2413040058748432
7.715578875038773,-0.06838572237174959,-2.2416767086296896
7.725534875004087,-0.08878258757293225,-2.242357556879251
7.735490875027608,-0.1206368662789464,-2.2432414763232154
7.745446874992922,-0.15454810408875347,-2.244442536959704
7.755402875016443,-0.17494074376299978,-2.245981217887647
7.765359875047579,-0.15986084768548608,-2.247723102878742
7.775312833371572,-0.06128987949807197,-2.249314191233394
7.785268833336886,-0.006410635993815959,-2.249924393271551
7.7952248333604075,0.0005682260217145086,-2.249988217563656
7.805180833325721,-0.03159801534377039,-2.2499825603054036
7.815137833356857,-0.03600344922859222,-2.2502971817451654
7.825093833380379,-0.05827638900373131,-2.250655632086532
7.835049833345693,-0.0745711583364755,-2.251235831813432
7.845005833369214,-0.05797448081430048,-2.251978262267584
7.854961833334528,-0.05032519897911698,-2.25255545619656
7.864917833358049,-0.03909790995530784,-2.25305649387878
7.874874833330978,-0.022735015992075207,-2.2534457917671467
7.884830833354499,-0.029198281494900585,-2.2536721415868985
7.894786833378021,0.0019772725179791452,-2.2539628396781484
7.9047428333433345,0.018799976902082564,-2.253943153953028
7.914698833366856,0.012416964434087277,-2.253755981382549
7.924655833339784,0.012288097282871604,-2.2536323456680147
7.934611833363306,-0.01600961250253022,-2.2535100053711776
7.94456783332862,-0.043725268514826894,-2.2536693970726973
7.954523833352141,-0.05675767980515957,-2.2541047258470592
7.964479833375663,-0.05601338407024741,-2.2546698053085343
7.974436833348591,-0.0651804523402825,-2.2552275305722054
7.984392833372112,-0.04053501395042986,-2.2558764671572384
7.994348833337426,0.009913378553465009,-2.256280033754723
8.004304833360948,0.003600861579179764,-2.2561813361576113
8.014260833326261,0.0025289710192009807,-2.2561454859798538
8.024217833357397,-0.00373981517739594,-2.2561203050153367
8.034173833380919,-0.019611488208174706,-2.256157538615331
8.044129833346233,-0.015501302168704571,-2.2563527905912513
8.054085833369754,-0.02071790018118918,-2.2565071215560075
8.064041833335068,0.025730224801227452,-2.256713388969493
8.073998833366204,0.07178835877217353,-2.256457193120346
8.083954833331518,0.10428022152744235,-2.2557424682229006
8.09391083335504,0.12059809193015099,-2.2547042543349205
8.10386683337856,0.1167044949810952,-2.2535035797288274
8.113822833343875,0.10629366455599666,-2.2523416697808436
8.123778833367396,0.07178150199819357,-2.251283410054024
8.133735833340324,-0.00581728978548199,-2.2505686816405714
8.143691833363846,-0.05534692939370871,-2.2506265985778127
8.15364783332916,-0.08021273472346366,-2.2511776326049366
8.163603833352681,-0.11429032581858338,-2.2519762305937303
8.173559833376203,-0.0914890444278717,-2.2531141050802685
8.183516833349131,-0.14240906512364745,-2.2540250614931603
8.193472833372653,-0.12175333729013801,-2.255442886148881
8.203428833337966,-0.07463220692239703,-2.2566550623707182
8.213384833361488,-0.035416429890319706,-2.257398100624593
8.223340833326802,0.015057151322253048,-2.2577507065993525
8.233297833357938,0.031387444774154574,-2.257600782543168
8.24325383338146,0.01817650382872671,-2.2572882891422585
8.253209833346773,0.022530283501837403,-2.25710732387077
8.263165833370294,0.05668927651830018,-2.256883012367696
8.273121833335608,0.05239585335832089,-2.256318613932646
8.283078833366744,0.04930021405220032,-2.255796908419126
8.293034833332058,0.051696247709915044,-2.2553060754897323
8.30299083335558,-0.05063886098563671,-2.2547913876463164
8.312946833379101,-0.1569688330963254,-2.2552955481474806
8.322902833344415,-0.11357775122858585,-2.2568583298443428
8.33285983337555,-0.0709369082422927,-2.257989223516862
8.342815833340865,-0.07558480514679104,-2.258695471372862
8.352771833364386,-0.08054213396273553,-2.2594479936946814
8.3627278333297,-0.025323034753091635,-2.2602498711776207
8.372683833353221,0.00842816978925839,-2.2605019873122183
8.38264083332615,0.03356164511991665,-2.2604180680258548
8.392596833349671,0.06080673503223807,-2.2600839282862513
8.402552833373193,0.059999663955532016,-2.25947853643084
8.412508833338507,0.08023841679096222,-2.2588811797785797
8.422464833362028,0.07895491641014815,-2.2580823260991214
8.432421833334956,0.11892782564274967,-2.257296171998563
8.442377833358478,0.09924609775654972,-2.2561121265636666
8.452333833382,0.06614965574350208,-2.255124032412068
8.462289833347313,0.03748747027711943,-2.25446544644178
8.472245833370835,-0.03883842605631799,-2.2540922211868195
8.482202833343763,-0.09601778604090214,-2.254478935394011
8.492158833367284,-0.13633040936663748,-2.2554348884740927
8.502114833332598,-0.15109459234401584,-2.256792194025018
8.51207083335612,-0.11472484703175724,-2.2582964917899493
8.522026833379641,-0.08677873763255775,-2.259438692369696
8.53198383335257,-0.08988209252245724,-2.260302748257954
8.541939833376091,-0.08899814883247019,-2.2611976143732218
8.551895833341405,-0.09036515476182104,-2.2620836799399107
8.561851833364926,-0.07239157672505826,-2.2629833554228447
8.57180783333024,-0.06279485230799765,-2.2637040859582083
8.581764833361376,-0.03812305348226801,-2.2643293343045943
8.59172083332669,-0.01939029900357127,-2.2647088874237413
8.601676833350211,-0.00548298550886102,-2.264901937241077
8.611632833373733,0.03571493710158393,-2.264956525844932
8.621588833339047,0.04339228328783065,-2.2646009479323874
8.631545833370183,0.025859377461019906,-2.2641688909663396
8.641501833335496,-0.039289913331158464,-2.2639114350052347
8.651457833359018,-0.08078519540838898,-2.2643026053832838
8.66141383338254,-0.08191724376752973,-2.26510690279067
8.671369833347853,-0.04945255229249597,-2.2659224708667782
8.68132683337899,-0.007372852431144565,-2.2664148699314945
8.691282833344303,-0.0016689540899824352,-2.2664882740500434
8.701238833367825,-0.014226614866638556,-2.2665048901570026
8.711194833333138,-0.0003912518173456192,-2.2666465303341212
8.72115083335666,0.0022501182183623314,-2.266650425637224
8.731107833329588,0.020185408412944528,-2.2666280212101846
8.74106383335311,0.007707785968668759,-2.2664270552835504
8.751019833376631,-0.02269070962909609,-2.266350316566265
8.760975833341945,-0.0445775504456833,-2.266576225270545
8.770931833365466,-0.07461944811511785,-2.267020039363831
8.780888250039425,-0.07983926209621132,-2.267762981681246
8.790844250004739,-0.07704868756234647,-2.2685578613719066
8.80080025002826,-0.08037655726075173,-2.26932495810709
8.810756249993574,-0.09103844337165357,-2.27012518710839
8.820712250017095,-0.09134189559146762,-2.2710315658527396
8.830669250048231,-0.08994190771132708,-2.271941057109988
8.840625250013545,-0.10420187797397376,-2.272836518740042
8.850581250037067,-0.1016391895338893,-2.273873952639602
8.86053725000238,-0.10456266031600535,-2.2748858724070757
8.870493250025902,-0.10955111185088755,-2.2759268982556415
8.88045024999883,-0.0983729988243431,-2.277017698673375
8.890406250022352,-0.08617874935269357,-2.277997100251984
8.900362250045873,-0.08501896326430142,-2.2788550958825664
8.910318250011187,-0.07545005880296231,-2.279701544677877
8.920274250034709,-0.05521105471998453,-2.2804527254650937
8.930231250007637,-0.0674931494705379,-2.281002461935446
8.940187250031158,-0.036455694814212625,-2.281674423733162
8.950143249996472,-0.001145177185535431,-2.282037376629468
8.960099250019994,0.02913792726583779,-2.282048778013554
8.970055250043515,0.04450301215052605,-2.28175868080901
8.980012250016443,0.05158252393361181,-2.281315564318232
8.989968250039965,0.0174042830709368,-2.2808020087087355
8.999924250005279,-0.012508710902184248,-2.280628731667085
9.0098802500288,-0.03988193021155894,-2.2807532683931213
9.019836249994114,-0.05539178393315524,-2.281150332888924
9.02979325002525,-0.06795094991102815,-2.2817018688832715
9.039749250048772,-0.06835824502632022,-2.2823783885421842
9.049705250014085,-0.08505157062783837,-2.2830589632272953
9.059661250037607,-0.10031537991017103,-2.283905736666467
9.069618250010535,-0.10795223641209305,-2.284904576901517
9.079574250034057,-0.10108696569688619,-2.2859793493697746
9.08953024999937,-0.09187369071878493,-2.2869857711967465
9.099486250022892,-0.07390294035896659,-2.2879004656637036
9.109442250046413,-0.06130943569354713,-2.288636243339656
9.119399250019342,-0.038276778152212504,-2.289246701389197
9.129355250042863,-0.003237904803827405,-2.2896277849933804
9.139311250008177,0.021964097153395416,-2.289660021573495
9.149267250031698,0.03680284126661718,-2.289441347021719
9.159223249997012,0.04312761912122369,-2.289074937935345
9.169180250028148,-0.004785735877230764,-2.2886455162304125
9.179136249993462,-0.05689030196517706,-2.28869316301664
9.189092250016984,-0.07676632186397911,-2.2892595628643435
9.199048250040505,-0.0664391979854554,-2.290023848366627
9.209004250005819,-0.07098094965331257,-2.2906853170194656
9.218961250036955,-0.04902777034789324,-2.2913920743373737
9.228917250002269,-0.08264083670452238,-2.291880194817257
9.23887325002579,-0.10444360552355647,-2.292702966989431
9.248829250049312,-0.12102811809629202,-2.29374280752848
9.25878625002224,-0.1269908893480897,-2.2949478844970885
9.268742250045761,-0.0828670599963516,-2.296212205794425
9.278698250011075,-0.056840271726250655,-2.2970372302408744
9.288654250034597,-0.04343180224299431,-2.297603131987518
9.29861024999991,-0.03176918344572187,-2.2980355390091427
9.308567250031047,-0.04618058745749295,-2.298351864769701
9.31852324999636,-0.06105298046953977,-2.298811638696826
9.328479250019882,-0.04674907386302948,-2.2994194821718166
9.338435250043403,-0.02575226149521768,-2.2998849159522967
9.348391250008717,-0.003433804800733924,-2.30014130546685
9.358348250039853,0.023039171705022454,-2.300175495861358
9.368304250005167,0.02718905942514539,-2.299946117868662
9.378260250028688,0.023699468532577157,-2.2996754235923857
9.388216249994002,0.00974789321422577,-2.2994394716844972
9.398173250025138,-0.00899208577349782,-2.29934241191146
9.40812925004866,-0.026173105705529453,-2.299431937117632
9.418085250013974,-0.03771044790744782,-2.2996925165571285
9.428041250037495,-0.06119988262653351,-2.300067961777382
9.437997250002809,-0.06144656203687191,-2.300677267806689
9.447954250033945,-0.07549151921644807,-2.3012890912268036
9.457910249999259,-0.09225786192342639,-2.302040684789504
9.46786625002278,-0.11484225729480387,-2.3029592040649836
9.477822250046302,-0.14303937669843436,-2.304102573581312
9.48777925001923,-0.1576026712730527,-2.305526816651226
9.497735250042751,-0.1544909110106528,-2.307095908850128
9.507691250008065,-0.14040405487641694,-2.3086340203547913
9.517647250031587,-0.08302075954154134,-2.310031883128443
9.5276032499969,-0.04402372319251299,-2.310858437807559
9.537560250028037,-0.02556492218747735,-2.311296782020758
9.54751624999335,0.0009175560437142849,-2.31155130638517
9.557472250016872,0.009209711831063033,-2.311542171197177
9.567428250040393,0.006938817724585534,-2.3114504793059703
9.577384250005707,0.014012231044471265,-2.311381396436945
9.587341250036843,0.005643805637955666,-2.311241876651999
9.597297250002157,0.015099648702889682,-2.311185686923263
9.607253250025678,0.040555794406682256,-2.311035354820422
9.6172092500492,0.07464405667036772,-2.310631581330355
9.627166250022128,0.08059105871245266,-2.309888350460109
9.63712225004565,0.0644875892624259,-2.309085985877672
9.647078250010964,0.03912247739732266,-2.308443947441212
9.657034250034485,0.07683389374986291,-2.3080544440553243
9.666990249999799,0.12841801196336747,-2.3072894858118156
9.676947250030935,0.0051647907681763175,-2.306010827662698
9.686903249996249,-0.1500326466187835,-2.3059594070059894
9.69685925001977,-0.2307756415754557,-2.307453132039255
9.706815250043292,-0.24426898704841735,-2.309750734332208
9.71677225001622,-0.2215799082443118,-2.3121829206296365
9.726728250039741,-0.16994879303500057,-2.3143889702013287
9.736684250005055,-0.12570539725944402,-2.3160809803788904
9.746640250028577,-0.06242248060181737,-2.3173325033169623
9.75659624999389,-0.011061031669378281,-2.317953981531669
9.766553250025027,0.03156164383515716,-2.3180641162243454
9.776510333351325,0.017340210378170014,-2.3177498543067636
9.786466333374847,0.028056548684835435,-2.3175772151718306
9.79642233334016,0.041176293622702365,-2.3172978841740974
